標題,作者,推文,連結
[閒聊] 廉世彬因為健康問題 暫時中斷行程,yapot,34,https://www.ptt.cc/bbs/CheerGirlsTW/M.1746591594.A.79C.html
[新聞] CT-李珠珢爆強佔C位？網翻出「球場飯拍片」,whj0530,27,https://www.ptt.cc/bbs/CheerGirlsTW/M.1746594378.A.A56.html
[分享] threads 台鋼長公主Jenny,Sharonchens,34,https://www.ptt.cc/bbs/CheerGirlsTW/M.1746597509.A.8E3.html
[影片] 凌晨2點練習後還有地方吃火鍋 這就是臺灣,rock123520,32,https://www.ptt.cc/bbs/CheerGirlsTW/M.1746613043.A.FD2.html
[公告] 女孩商品交易文,ZaneTrout,12,https://www.ptt.cc/bbs/CheerGirlsTW/M.1644813158.A.40D.html
[公告] 真香板板規,wenhuanorman,,https://www.ptt.cc/bbs/CheerGirlsTW/M.1698077168.A.C69.html
[公告] 置底閒聊/黑特區,wenhuanorman,49,https://www.ptt.cc/bbs/CheerGirlsTW/M.1714278204.A.C48.html
[公告] PTT CheerGirlsTW板板主聲明,wenhuanorman,38,https://www.ptt.cc/bbs/CheerGirlsTW/M.1734880553.A.B07.html
[真香] 班表/商演 整理,JUNstudio,,https://www.ptt.cc/bbs/CheerGirlsTW/M.1743178062.A.689.html
[閒聊] 廉世彬因為健康問題 暫時中斷行程,yapot,34,https://www.ptt.cc/bbs/CheerGirlsTW/M.1746591594.A.79C.html
[新聞] CT-李珠珢爆強佔C位？網翻出「球場飯拍片」,whj0530,27,https://www.ptt.cc/bbs/CheerGirlsTW/M.1746594378.A.A56.html
[分享] threads 台鋼長公主Jenny,Sharonchens,34,https://www.ptt.cc/bbs/CheerGirlsTW/M.1746597509.A.8E3.html
[影片] 凌晨2點練習後還有地方吃火鍋 這就是臺灣,rock123520,32,https://www.ptt.cc/bbs/CheerGirlsTW/M.1746613043.A.FD2.html
[公告] 女孩商品交易文,ZaneTrout,12,https://www.ptt.cc/bbs/CheerGirlsTW/M.1644813158.A.40D.html
[公告] 真香板板規,wenhuanorman,,https://www.ptt.cc/bbs/CheerGirlsTW/M.1698077168.A.C69.html
[公告] 置底閒聊/黑特區,wenhuanorman,49,https://www.ptt.cc/bbs/CheerGirlsTW/M.1714278204.A.C48.html
[公告] PTT CheerGirlsTW板板主聲明,wenhuanorman,38,https://www.ptt.cc/bbs/CheerGirlsTW/M.1734880553.A.B07.html
[真香] 班表/商演 整理,JUNstudio,,https://www.ptt.cc/bbs/CheerGirlsTW/M.1743178062.A.689.html
[閒聊] 廉世彬因為健康問題 暫時中斷行程,yapot,34,https://www.ptt.cc/bbs/CheerGirlsTW/M.1746591594.A.79C.html
[新聞] CT-李珠珢爆強佔C位？網翻出「球場飯拍片」,whj0530,27,https://www.ptt.cc/bbs/CheerGirlsTW/M.1746594378.A.A56.html
[分享] threads 台鋼長公主Jenny,Sharonchens,34,https://www.ptt.cc/bbs/CheerGirlsTW/M.1746597509.A.8E3.html
[影片] 凌晨2點練習後還有地方吃火鍋 這就是臺灣,rock123520,32,https://www.ptt.cc/bbs/CheerGirlsTW/M.1746613043.A.FD2.html
[公告] 女孩商品交易文,ZaneTrout,12,https://www.ptt.cc/bbs/CheerGirlsTW/M.1644813158.A.40D.html
[公告] 真香板板規,wenhuanorman,,https://www.ptt.cc/bbs/CheerGirlsTW/M.1698077168.A.C69.html
[公告] 置底閒聊/黑特區,wenhuanorman,49,https://www.ptt.cc/bbs/CheerGirlsTW/M.1714278204.A.C48.html
[公告] PTT CheerGirlsTW板板主聲明,wenhuanorman,38,https://www.ptt.cc/bbs/CheerGirlsTW/M.1734880553.A.B07.html
[真香] 班表/商演 整理,JUNstudio,,https://www.ptt.cc/bbs/CheerGirlsTW/M.1743178062.A.689.html
